{"base_lr": 0.0001, "lr": 1e-05, "data_time": 0.2122950553894043, "grad_norm": 22.796281814575195, "loss": 42.77524185180664, "loss_vfl": 0.045269593596458435, "loss_bbox": 3.021235704421997, "loss_giou": 1.8980287313461304, "loss_fgl": 0.17623533308506012, "loss_vfl_aux_0": 0.04273688793182373, "loss_bbox_aux_0": 3.021235704421997, "loss_giou_aux_0": 1.8980287313461304, "loss_fgl_aux_0": 0.17623533308506012, "loss_vfl_aux_1": 0.04338829219341278, "loss_bbox_aux_1": 3.021235704421997, "loss_giou_aux_1": 1.8980287313461304, "loss_fgl_aux_1": 0.17623533308506012, "loss_vfl_pre": 0.042736880481243134, "loss_bbox_pre": 3.021235466003418, "loss_giou_pre": 1.8980286121368408, "loss_vfl_enc_0": 0.05577889457345009, "loss_bbox_enc_0": 3.021235466003418, "loss_giou_enc_0": 1.8980286121368408, "loss_vfl_dn_0": 0.8953390121459961, "loss_bbox_dn_0": 1.5735180377960205, "loss_giou_dn_0": 1.3463963270187378, "loss_fgl_dn_0": 0.8195001482963562, "loss_vfl_dn_1": 0.7377071976661682, "loss_bbox_dn_1": 1.5735180377960205, "loss_giou_dn_1": 1.3463963270187378, "loss_fgl_dn_1": 0.8195001482963562, "loss_vfl_dn_2": 0.7537593841552734, "loss_bbox_dn_2": 1.5735180377960205, "loss_giou_dn_2": 1.3463963270187378, "loss_fgl_dn_2": 0.8195001482963562, "loss_vfl_dn_pre": 0.8953391313552856, "loss_bbox_dn_pre": 1.5735180377960205, "loss_giou_dn_pre": 1.3463963270187378, "time": 1.0136680603027344, "epoch": 1, "iter": 1, "memory": 740, "step": 1}
{"base_lr": 0.0001, "lr": 1e-05, "data_time": 0.12252402305603027, "grad_norm": 30.80163860321045, "loss": 42.279706954956055, "loss_vfl": 0.22451118379831314, "loss_bbox": 2.892776608467102, "loss_giou": 1.6983287930488586, "loss_fgl": 0.35515011101961136, "loss_vfl_aux_0": 0.1750652939081192, "loss_bbox_aux_0": 2.8938193321228027, "loss_giou_aux_0": 1.6976383328437805, "loss_fgl_aux_0": 0.3556276336312294, "loss_vfl_aux_1": 0.208332397043705, "loss_bbox_aux_1": 2.8932501077651978, "loss_giou_aux_1": 1.6979681849479675, "loss_fgl_aux_1": 0.35539836436510086, "loss_vfl_pre": 0.17536811158061028, "loss_bbox_pre": 2.894012689590454, "loss_giou_pre": 1.697395145893097, "loss_vfl_enc_0": 0.22530141659080982, "loss_bbox_enc_0": 2.8957372903823853, "loss_giou_enc_0": 1.696786880493164, "loss_vfl_dn_0": 0.9302032887935638, "loss_bbox_dn_0": 1.4897546768188477, "loss_giou_dn_0": 1.3059658408164978, "loss_fgl_dn_0": 0.871812105178833, "loss_vfl_dn_1": 0.7817364037036896, "loss_bbox_dn_1": 1.489245891571045, "loss_giou_dn_1": 1.30581933259964, "loss_fgl_dn_1": 0.8717904090881348, "loss_vfl_dn_2": 0.8081971406936646, "loss_bbox_dn_2": 1.488885521888733, "loss_giou_dn_2": 1.3056498765945435, "loss_fgl_dn_2": 0.8717857599258423, "loss_vfl_dn_pre": 0.9302285015583038, "loss_bbox_dn_pre": 1.4900981187820435, "loss_giou_dn_pre": 1.3060667514801025, "time": 0.6152602434158325, "loss_ddf_aux_0": 1.7576181789991097e-06, "loss_ddf_aux_1": 4.311722818783892e-07, "loss_ddf_dn_0": 2.139316620741738e-06, "loss_ddf_dn_1": 5.512374627869576e-07, "epoch": 2, "iter": 2, "memory": 837, "step": 2}
