{"base_lr": 0.0001, "lr": 1e-05, "data_time": 0.05566239356994629, "grad_norm": 21.355026245117188, "loss": 42.968101501464844, "loss_vfl": 0.04257301613688469, "loss_bbox": 2.902402400970459, "loss_giou": 2.151073455810547, "loss_fgl": 0.13764601945877075, "loss_vfl_aux_0": 0.04163350164890289, "loss_bbox_aux_0": 2.902402400970459, "loss_giou_aux_0": 2.151073455810547, "loss_fgl_aux_0": 0.13764601945877075, "loss_vfl_aux_1": 0.03900144621729851, "loss_bbox_aux_1": 2.902402400970459, "loss_giou_aux_1": 2.151073455810547, "loss_fgl_aux_1": 0.13764601945877075, "loss_vfl_pre": 0.04163350164890289, "loss_bbox_pre": 2.902402877807617, "loss_giou_pre": 2.151073455810547, "loss_vfl_enc_0": 0.05104467272758484, "loss_bbox_enc_0": 2.902402877807617, "loss_giou_enc_0": 2.151073455810547, "loss_vfl_dn_0": 0.8251480460166931, "loss_bbox_dn_0": 1.4492155313491821, "loss_giou_dn_0": 1.3375924825668335, "loss_fgl_dn_0": 0.8478997945785522, "loss_vfl_dn_1": 0.8407111167907715, "loss_bbox_dn_1": 1.4492155313491821, "loss_giou_dn_1": 1.3375924825668335, "loss_fgl_dn_1": 0.8478997945785522, "loss_vfl_dn_2": 0.8899523615837097, "loss_bbox_dn_2": 1.4492155313491821, "loss_giou_dn_2": 1.3375924825668335, "loss_fgl_dn_2": 0.8478997945785522, "loss_vfl_dn_pre": 0.8251480460166931, "loss_bbox_dn_pre": 1.4492156505584717, "loss_giou_dn_pre": 1.3375924825668335, "time": 0.9670171737670898, "epoch": 1, "iter": 1, "memory": 5575, "step": 1}
{"base_lr": 0.0001, "lr": 1e-05, "data_time": 0.011133470535278321, "grad_norm": 18.04087182044983, "loss": 34.06819355010986, "loss_vfl": 0.34022319614887236, "loss_bbox": 1.643172152042389, "loss_giou": 1.1499840462207793, "loss_fgl": 0.8185330680012703, "loss_vfl_aux_0": 0.2713339417427778, "loss_bbox_aux_0": 1.8645761692523957, "loss_giou_aux_0": 1.3181457531452179, "loss_fgl_aux_0": 0.7185396584868431, "loss_vfl_aux_1": 0.32211132399737835, "loss_bbox_aux_1": 1.7163275146484376, "loss_giou_aux_1": 1.2068154126405717, "loss_fgl_aux_1": 0.790233602821827, "loss_vfl_pre": 0.23937361590564252, "loss_bbox_pre": 1.9803767168521882, "loss_giou_pre": 1.3885210120677949, "loss_vfl_enc_0": 0.21274369329214096, "loss_bbox_enc_0": 2.1347979927062988, "loss_giou_enc_0": 1.43956716299057, "loss_vfl_dn_0": 0.36704461395740506, "loss_bbox_dn_0": 1.3611164665222169, "loss_giou_dn_0": 1.2237012600898742, "loss_fgl_dn_0": 0.9327192795276642, "loss_vfl_dn_1": 0.3615908116102219, "loss_bbox_dn_1": 1.307609066963196, "loss_giou_dn_1": 1.2135755157470702, "loss_fgl_dn_1": 0.9305682969093323, "loss_vfl_dn_2": 0.3505859154462814, "loss_bbox_dn_2": 1.301665277481079, "loss_giou_dn_2": 1.2174262452125548, "loss_fgl_dn_2": 0.9199818944931031, "loss_vfl_dn_pre": 0.3657334703207016, "loss_bbox_dn_pre": 1.3906962156295777, "loss_giou_dn_pre": 1.2302464509010316, "time": 0.34989491462707517, "loss_ddf_aux_0": 0.010728136701665827, "loss_ddf_aux_1": 0.002566049495299569, "loss_ddf_dn_0": 0.021684768620922782, "loss_ddf_dn_1": 0.00436442048116152, "epoch": 1, "iter": 50, "memory": 5687, "step": 50}
{"base_lr": 0.0001, "lr": 1e-05, "data_time": 0.009930410385131837, "grad_norm": 73.65533737182618, "loss": 23.79825397491455, "loss_vfl": 0.4492964720726013, "loss_bbox": 0.18804732382297515, "loss_giou": 0.27830364122986795, "loss_fgl": 1.824263355731964, "loss_vfl_aux_0": 0.44860393345355987, "loss_bbox_aux_0": 0.20040559232234956, "loss_giou_aux_0": 0.3097532893717289, "loss_fgl_aux_0": 1.7841989064216615, "loss_vfl_aux_1": 0.4490045619010925, "loss_bbox_aux_1": 0.184182358533144, "loss_giou_aux_1": 0.2833288054168224, "loss_fgl_aux_1": 1.8156598138809203, "loss_vfl_pre": 0.43928018271923064, "loss_bbox_pre": 0.30466378122568133, "loss_giou_pre": 0.40750137135386466, "loss_vfl_enc_0": 0.37299789309501646, "loss_bbox_enc_0": 0.3784668263792992, "loss_giou_enc_0": 0.5553050376474857, "loss_vfl_dn_0": 0.3770078134536743, "loss_bbox_dn_0": 1.0377328300476074, "loss_giou_dn_0": 1.0235428321361542, "loss_fgl_dn_0": 1.092153091430664, "loss_vfl_dn_1": 0.3774889397621155, "loss_bbox_dn_1": 0.983917020559311, "loss_giou_dn_1": 0.9936676967144012, "loss_fgl_dn_1": 1.105142855644226, "loss_vfl_dn_2": 0.3809224396944046, "loss_bbox_dn_2": 0.9988520383834839, "loss_giou_dn_2": 0.9813215887546539, "loss_fgl_dn_2": 1.1212780594825744, "loss_vfl_dn_pre": 0.3732071828842163, "loss_bbox_dn_pre": 1.1679713940620422, "loss_giou_dn_pre": 1.0550375068187714, "time": 0.3383849048614502, "loss_ddf_aux_0": 0.012511693183332681, "loss_ddf_aux_1": 0.0021702234994154424, "loss_ddf_dn_0": 0.035729546211659906, "loss_ddf_dn_1": 0.005335829816758632, "epoch": 1, "iter": 100, "memory": 5686, "step": 100}
{"base_lr": 0.0001, "lr": 1e-05, "data_time": 0.010238451957702637, "grad_norm": 130.34637702941893, "loss": 20.244785346984862, "loss_vfl": 0.24604613989591598, "loss_bbox": 0.0633412766829133, "loss_giou": 0.13625765964388847, "loss_fgl": 1.7806291151046754, "loss_vfl_aux_0": 0.23343507766723634, "loss_bbox_aux_0": 0.048077128380537036, "loss_giou_aux_0": 0.12485404446721077, "loss_fgl_aux_0": 1.9649863719940186, "loss_vfl_aux_1": 0.22977350622415543, "loss_bbox_aux_1": 0.05337720982730389, "loss_giou_aux_1": 0.12783100679516793, "loss_fgl_aux_1": 1.90682781457901, "loss_vfl_pre": 0.22789723426103592, "loss_bbox_pre": 0.04378546951338649, "loss_giou_pre": 0.11880137518048287, "loss_vfl_enc_0": 0.18501583769917487, "loss_bbox_enc_0": 0.033382505960762504, "loss_giou_enc_0": 0.07829303652048111, "loss_vfl_dn_0": 0.39701925337314603, "loss_bbox_dn_0": 0.9335167706012726, "loss_giou_dn_0": 0.9406582129001617, "loss_fgl_dn_0": 1.1568150544166564, "loss_vfl_dn_1": 0.40025939643383024, "loss_bbox_dn_1": 0.8990746545791626, "loss_giou_dn_1": 0.9162877118587494, "loss_fgl_dn_1": 1.1536386966705323, "loss_vfl_dn_2": 0.4022116756439209, "loss_bbox_dn_2": 0.8880300855636597, "loss_giou_dn_2": 0.9035547423362732, "loss_fgl_dn_2": 1.1493436908721923, "loss_vfl_dn_pre": 0.38906696677207947, "loss_bbox_dn_pre": 1.0948107981681823, "loss_giou_dn_pre": 0.9797376275062561, "time": 0.33865190982818605, "loss_ddf_aux_0": 0.0067483667470514775, "loss_ddf_aux_1": 0.001862621163018048, "loss_ddf_dn_0": 0.02457040995359421, "loss_ddf_dn_1": 0.0049667427130043506, "epoch": 1, "iter": 150, "memory": 5686, "step": 150}
{"base_lr": 0.0001, "lr": 1e-05, "data_time": 0.009915261268615723, "grad_norm": 151.90828369140624, "loss": 17.884935874938964, "loss_vfl": 0.15288097232580186, "loss_bbox": 0.02597533006221056, "loss_giou": 0.0706892517209053, "loss_fgl": 1.0067013490200043, "loss_vfl_aux_0": 0.15408055797219278, "loss_bbox_aux_0": 0.023992391899228097, "loss_giou_aux_0": 0.06862986460328102, "loss_fgl_aux_0": 1.9305454444885255, "loss_vfl_aux_1": 0.15903407499194144, "loss_bbox_aux_1": 0.02912878669798374, "loss_giou_aux_1": 0.07285231947898865, "loss_fgl_aux_1": 1.4134805369377137, "loss_vfl_pre": 0.14865183234214782, "loss_bbox_pre": 0.020603109840303658, "loss_giou_pre": 0.06472174301743508, "loss_vfl_enc_0": 0.13125164657831193, "loss_bbox_enc_0": 0.018992988634854557, "loss_giou_enc_0": 0.05232848569750786, "loss_vfl_dn_0": 0.39915416061878206, "loss_bbox_dn_0": 0.8426040267944336, "loss_giou_dn_0": 0.8906818377971649, "loss_fgl_dn_0": 1.1786201524734496, "loss_vfl_dn_1": 0.3878271394968033, "loss_bbox_dn_1": 0.811066415309906, "loss_giou_dn_1": 0.8655315947532654, "loss_fgl_dn_1": 1.160261993408203, "loss_vfl_dn_2": 0.3881423556804657, "loss_bbox_dn_2": 0.804141856431961, "loss_giou_dn_2": 0.8546129298210144, "loss_fgl_dn_2": 1.2043547773361205, "loss_vfl_dn_pre": 0.39063315331935883, "loss_bbox_dn_pre": 1.0386380457878113, "loss_giou_dn_pre": 0.9333420097827911, "time": 0.3395452737808228, "loss_ddf_aux_0": 0.05585476404055953, "loss_ddf_aux_1": 0.01625786632299423, "loss_ddf_dn_0": 0.09396495044231415, "loss_ddf_dn_1": 0.02470534360036254, "epoch": 1, "iter": 200, "memory": 5686, "step": 200}
{"base_lr": 0.0001, "lr": 1e-05, "data_time": 0.009924798011779786, "grad_norm": 137.04414695739746,